Building Code,Bldg/Room,Room Type,Capacity,Adjoining Rooms,Room Key,Outside Key
ALLE,ALLE*101,Single in a Double,1,ALLE102,R7AA3,O7AA2
ALLE,ALLE*102,Single in a Double,1,ALLE101,R7AA11,O7AA2
ALLE,ALLE*108,Single,1,,R7AA6,O7AA2
ALLE,ALLE*201,Single in a Double,1,ALLE*203,R7AA7,O7AA2
ALLE,ALLE*203,Single in a Double,1,ALLE*201,R7AA8,O7AA2
ALLE,ALLE*204A,Single in a Double,1,ALLE*204B,R7AA13,O7AA2
ALLE,ALLE*204B,Single in a Double,1,ALLE*204A,R7AA13,O7AA2
ALLE,ALLE*206,Single,1,,R7AA12,O7AA2
BENT,BENT*103,Single,1,,R7AB4,O7AB12
BENT,BENT*203,Single,1,,R7AB7,O7AB12
BERG,BERG*101,Single,1,,R7AC3,O7AC1
BERG,BERG*102,Single,1,,R7AC12,O7AC1
BERG,BERG*104,Single,1,,R7AC11,O7AC1
BRKS,BRKS*300A,Single in a Quad,1,BRKS*300B BRKS*300C,R7BA11,
BRKS,BRKS*300B,Single in a Quad,1,BRKS*300A BRKS*300C,R7BA6,
BURT,BURT*103,Single,1,,R7C9,
BURT,BURT*108,Single,1,,R7C13,
BURT,BURT*109,Single,1,,R7C40,
BURT,BURT*121A,Single in a Triple,1,BURT*121B,R7C64,
BURT,BURT*123,Single,1,,R7C22,
BURT,BURT*124,Single,1,,R7C11,
BURT,BURT*129,Single,1,,R7C104,
BURT,BURT*205,Single,1,,R7C32,
BURT,BURT*206,Single,1,,R7C33,
BURT,BURT*208A,Single in a Triple,1,BURT*208B,R7C122,
BURT,BURT*210,Single,1,,R7C36,
BURT,BURT*211,Single,1,,R7C37,
BURT,BURT*213A,Single in a Triple,1,BURT*213B,R7C29,
BURT,BURT*215,Single,1,,R7C108,
BURT,BURT*223,Single,1,,R7C44,
BURT,BURT*224,Single,1,,R7C45,
BURT,BURT*225A,Single in a Triple,1,BURT*225B,R7C46,
BURT,BURT*226A,Single in a Triple,1,BURT*226B,R7C109,
BURT,BURT*227,Single,1,,R7C48,
BURT,BURT*228,Single,1,,R7C58,
BURT,BURT*233,Single,1,,R7C107,
BURT,BURT*305,Single,1,,R7C57,
BURT,BURT*306,Single,1,,R7C26,
BURT,BURT*308A,Single in a Triple,1,BURT*308B,R7C111,
BURT,BURT*309,Single,1,,R7C60,
BURT,BURT*310,Single,1,,R7C61,
BURT,BURT*313,Single,1,,R7C101,
BURT,BURT*317,Single,1,,R7C105,
BURT,BURT*323,Single,1,,R7C70,
BURT,BURT*324,Single,1,,R7C112,
BURT,BURT*325A,Single in a Triple,1,BURT*325B,R7C110,
BURT,BURT*326A,Single in a Triple,1,BURT*326B,R7C124,
BURT,BURT*328,Single,1,,R7C10,
BURT,BURT*329,Single,1,,R7C76,
BURT,BURT*331,Single,1,,R7C78,
BURT,BURT*335,Single,1,,R7C79,
BURT,BURT*402,Single,1,,R7C83,
BURT,BURT*407,Single,1,,R7C86,
BURT,BURT*408,Single,1,,R7C87,
BURT,BURT*414A,Single in a Triple,1,BURT*414B,R7C91,
BURT,BURT*418,Single,1,,R7C93,
BURT,BURT*421,Single,1,,R7C96,
CASS,CASS*106,Single,1,,,
CASS,CASS*108,Single,1,,,
CASS,CASS*115,Single,1,,,
CASS,CASS*127,Single,1,,,
CASS,CASS*129,Single,1,,,
CASS,CASS*201,Single,1,,,
CASS,CASS*208,Single,1,,,
CASS,CASS*216,Single,1,,,
CASS,CASS*217,Single,1,,,
CASS,CASS*218,Single,1,,,
CASS,CASS*227,Single,1,,,
CASS,CASS*229,Single,1,,,
CASS,CASS*301,Single,1,,,
CASS,CASS*308,Single,1,,,
CASS,CASS*316,Single,1,,,
CASS,CASS*317,Single,1,,,
CASS,CASS*318,Single,1,,,
CASS,CASS*327,Single,1,,,
CASS,CASS*329,Single,1,,,
CASS,CASS*401,Single,1,,,
CASS,CASS*408,Single,1,,,
CASS,CASS*416,Single,1,,,
CASS,CASS*417,Single,1,,,
CASS,CASS*418,Single,1,,,
CASS,CASS*427,Single,1,,,
CASS,CASS*429,Single,1,,,
CHAN,CHAN*203,Single,1,,R7AD8,O7AD13
CHAN,CHAN*204,Single,1,,R7AD9,O7AD13
CLWL,CLWL*100A,Single in a Quint,1,CLWL*100B CLWL*100C CLWL*100D,R7BC10,
CLWL,CLWL*100B,Single in a Quint,1,CLWL*100A CLWL*100C CLWL*100D,R7BC2,
CLWL,CLWL*100D,Single in a Quint,1,CLWL*100A CLWL*100B CLWL*100C,R7BC4,
CLWL,CLWL*200A,Single in a Quint,1,CLWL*200B CLWL*200C CLWL*200D,R7BC5,
CLWL,CLWL*200B,Single in a Quint,1,CLWL*200A CLWL*200C CLWL*200D,R7BC6,
CLWL,CLWL*200D,Single in a Quint,1,CLWL*200A CLWL*200B CLWL*200C,R7BC8,
COLR,COLR*200A,Single in a Quad,1,COLR*200B COLR*200C,R7BB3,
COLR,COLR*200B,Single in a Quad,1,COLR*200A COLR*200C,R7BB13,
COLR,COLR*300A,Single in a Quad,1,COLR*300B COLR*300C,R7BB6,
COLR,COLR*300B,Single in a Quad,1,COLR*300A COLR*300C,R7BB7,
DAVI,DAVI*104A,Single in a Quint,1,DAVI*104B DAVI*104C,R7E6,O7E70
DAVI,DAVI*111,Single in a Quad,1,DAVI*112,R7E14,
DAVI,DAVI*114,Single in a Triple,1,DAVI*115,R7E16,
DAVI,DAVI*121,Single in a Triple,1,DAVI*122,R7E72,
DAVI,DAVI*204A,Single in a Quint,1,DAVI*204B DAVI*204C,R7E23,O7E5
DAVI,DAVI*214,Single in a Triple,1,DAVI*215,R7E13,
DAVI,DAVI*221,Single in a Triple,1,DAVI*222,R7E37,
DAVI,DAVI*304A,Single in a Quint,1,DAVI*304B DAVI*304C,R7E41,O7E40
DAVI,DAVI*314A,Single in a Quint,1,DAVI*314B DAVI*314C,R7E50,O7E22
DAVI,DAVI*319,Single in a Triple,1,DAVI*320,R7E54,
DAVI,DAVI*404A,Single in a Quint,1,DAVI*404B DAVI*404C,R7E57,O7E56
DAVI,DAVI*413,Single in a Triple,1,DAVI*414,R7E66,
DIXN,DIXN*100A,Single in a Triple,1,DIXN*100B,R7BD4,
DOUG,DOUG*201,Single,1,,R7AF3,O7AF6
DOUG,DOUG*203,Single,1,,R7AF5,O7AF6
DOWH,DOWH*200C,Single in a Sextet,1,DOWH*200A DOWH*200B DOWH*200D,R7BE5,O7BE8
DOWH,DOWH*200D,Single in a Sextet,1,DOWH*200A DOWH*200B DOWH*200C,R7BE4,O7BE8
EUGS,EUGS*100A,Single in a Quad,1,EUGS*100B EUGS*100C,R7BF1,
EUGS,EUGS*100B,Single in a Quad,1,EUGS*100A EUGS*100C,R7BF2,
EUGS,EUGS*200A,Single in a Quint,1,EUGS*200B EUGS*200C,R7BF21,
EUGS,EUGS*300A,Single in a Triple,1,EUGS*300B EUGS*300C,R7BF9,
EUGS,EUGS*300B,Single in a Triple,1,EUGS*300A EUGS*300C,R7BF5,
EUGS,EUGS*300C,Single in a Triple,1,EUGS*300A EUGS*300B,R7BF18,
EUGS,EUGS*400A,Single in a Quad,1,EUGS*400B EUGS*400C,R7BF13,
EUGS,EUGS*400B,Single in a Quad,1,EUGS*400A EUGS*400C,R7BF14,
EVAN,EVAN*006,Single,1,,,
EVAN,EVAN*107,Single,1,,,
EVAN,EVAN*205,Single,1,,,
EVAN,EVAN*305,Single,1,,,
EVAN,EVAN*411,Single,1,,,
FACL,FACL*101,Single,1,,R7AY6,
FACL,FACL*102,Single,1,,R7AY7,
FACL,FACL*103,Single,1,,R7AY8,
FACL,FACL*104,Single,1,,R7AY9,
FACL,FACL*111,Single,1,,R7AY17,
FACL,FACL*201,Single,1,,R7AY12,
FACL,FACL*202,Single,1,,R7AY13,
FACL,FACL*203,Single,1,,R7AY14,
FACL,FACL*204,Single,1,,R7AY22,
FARM,FARM*102,Single,1,,R7AG4,O7AG1
FARM,FARM*205,Single,1,,R7AG9,O7AG1
GFRT,GFRT*109,Single,1,,R7AH4,O7AH11
GFRT,GFRT*200,Single,1,,R7AH5,O7AH11
GFRT,GFRT*201,Single,1,,R7AH3,O7AH11
GHUE,GHUE*125,Single,1,,R7G19,
GHUE,GHUE*135,Single,1,,R7G25,
GHUE,GHUE*202,Single,1,,R7G30,
GHUE,GHUE*204,Single,1,,R7G31,
GHUE,GHUE*208,Single,1,,R7G35,
GHUE,GHUE*217,Single,1,,R7G41,
GHUE,GHUE*219,Single,1,,R7G42,
GHUE,GHUE*302,Single,1,,R7G59,
GHUE,GHUE*304,Single,1,,R7G60,
GHUE,GHUE*308,Single,1,,R7G64,
GHUE,GHUE*317,Single,1,,R7G70,
GHUE,GHUE*319,Single,1,,R7G71,
GHUE,GHUE*402,Single,1,,R7G88,
GHUE,GHUE*404,Single,1,,R7G89,
GHUE,GHUE*408,Single,1,,R7G93,
GHUE,GHUE*417,Single,1,,R7G99,
GHUE,GHUE*419,Single,1,,R7G100,
HALL,HALL*100B,Single,1,,R7AJ4,O7AJ1
HALL,HALL*100C,Single,1,,R7AJ12,O7AJ1
HALL,HALL*200B,Single,1,,R7AJ14,O7AJ1
HALL,HALL*200C,Single,1,,R7AJ8,O7AJ1
HALL,HALL*200D,Single,1,,R7AJ15,O7AJ1
HCTG,HCTG*102,Single,1,,R7AM6,O7AM10
HCTG,HCTG*202,Single,1,,R7AM5,O7AM10
HNRK,HNRK*109,Single,1,,R7AK9,O7AK11
HNRK,HNRK*202,Single,1,,R7AK5,O7AK11
HNRK,HNRK*203,Single,1,,R7AK6,O7AK11
HNRK,HNRK*204,Single,1,,R7AK7,O7AK11
HNRK,HNRK*206,Single,1,,R7AK8,O7AK11
HNTH,HNTH*100A,Single in a Quint,1,HNTH*100B HNTH*100C HNTH*100D,R7BG12,
HNTH,HNTH*100B,Single in a Quint,1,HNTH*100A HNTH*100C HNTH*100D,R7BG2,
HNTH,HNTH*100D,Single in a Quint,1,HNTH*100A HNTH*100B HNTH*100C,R7BG13,
HNTH,HNTH*200A,Single in a Quint,1,HNTH*200B HNTH*200C HNTH*200D,R7BG6,
HNTH,HNTH*200B,Single in a Quint,1,HNTH*200A HNTH*200C HNTH*200D,R7BG7,
HNTH,HNTH*200C,Single in a Quint,1,HNTH*200A HNTH*200B HNTH*200D,R7BG8,
HUNT,HUNT*103,Single,1,,R7AN4,O7AN15
HUNT,HUNT*110,Single,1,,R7AN6,O7AN15
HUNT,HUNT*202,Single,1,,R7AN13,O7AN15
JEWE,JEWE*200C,Single,1,,R7AZ11,O7AZ1
JMES,JMES*004A,Single in a Quint,1,JMES*004B JMES*004C JMES*004D,,
JMES,JMES*004B,Single in a Quint,1,JMES*004A JMES*004C JMES*004D,,
JMES,JMES*004C,Single in a Quint,1,JMES*004A JMES*004B JMES*004D,,
JMES,JMES*005B,Single in a Quint,1,JMES*005A JMES*005C JMES*005D,,
JMES,JMES*005C,Single in a Quint,1,JMES*005A JMES*005B JMES*005D,,
JMES,JMES*005D,Single in a Quint,1,JMES*005A JMES*005B JMES*005D,,
JMES,JMES*101A,Single in a Quad,1,JMES*101B JMES*101C,,
JMES,JMES*101C,Single in a Quad,1,JMES*101A JMES*101B,,
JMES,JMES*102A,Single in a Quad,1,JMES*102B JMES*102C,,
JMES,JMES*102C,Single in a Quad,1,JMES*102A JMES*102B,,
JMES,JMES*103B,Single in a Quad,1,JMES*103A JMES*103C,,
JMES,JMES*103C,Single in a Quad,1,JMES*103A JMES*103B,,
JMES,JMES*104A,Single in a Quad,1,JMES*104B JMES*104C,,
JMES,JMES*104B,Single in a Quad,1,JMES*104A JMES*104C,,
JMES,JMES*201A,Single in a Quad,1,JMES*201B JMES*201C,,
JMES,JMES*201C,Single in a Quad,1,JMES*201A JMES*201B,,
JMES,JMES*202A,Single in a Quint,1,JMES*202B JMES*202C JMES*202D,,
JMES,JMES*202B,Single in a Quint,1,JMES*202A JMES*202C JMES*202D,,
JMES,JMES*202D,Single in a Quint,1,JMES*202A JMES*202B JMES*202C,,
JMES,JMES*203B,Single in a Quad,1,JMES*203A JMES*203C,,
JMES,JMES*203C,Single in a Quad,1,JMES*203A JMES*203B,,
JMES,JMES*204A,Single in a Quad,1,JMES*204B JMES*204C,,
JMES,JMES*204B,Single in a Quad,1,JMES*204A JMES*204C,,
JMES,JMES*205B,Single in a Quint,1,JMES*205A JMES*205C JMES*205D,,
JMES,JMES*205C,Single in a Quint,1,JMES*205A JMES*205B JMES*205D,,
JMES,JMES*205D,Single in a Quint,1,JMES*205A JMES*205B JMES*205C,,
JMES,JMES*301A,Single in a Quad,1,JMES*301B JMES*301C,,
JMES,JMES*301C,Single in a Quad,1,JMES*301A JMES*301B,,
JMES,JMES*302A,Single in a Quint,1,JMES*302B JMES*302C JMES*302D,,
JMES,JMES*302B,Single in a Quint,1,JMES*302A JMES*302C JMES*302D,,
JMES,JMES*302D,Single in a Quint,1,JMES*302A JMES*302B JMES*302C,,
JMES,JMES*303B,Single in a Quad,1,JMES*303A JMES*303C,,
JMES,JMES*303C,Single in a Quad,1,JMES*303A JMES*303B,,
JMES,JMES*304A,Single in a Quad,1,JMES*304B JMES*304C,,
JMES,JMES*304B,Single in a Quad,1,JMES*304A JMES*304C,,
JMES,JMES*305B,Single in a Quint,1,JMES*305A JMES*305C JMES*305D,,
JMES,JMES*305C,Single in a Quint,1,JMES*305A JMES*305B JMES*305D,,
JMES,JMES*305D,Single in a Quint,1,JMES*305A JMES*305B JMES*305C,,
JMES,JMES*401A,Single in a Quad,1,JMES*401B JMES*401C,,
JMES,JMES*401C,Single in a Quad,1,JMES*401A JMES*401B,,
JMES,JMES*402A,Single in a Quint,1,JMES*402B JMES*402C JMES*402D,,
JMES,JMES*402B,Single in a Quint,1,JMES*402A JMES*402C JMES*402D,,
JMES,JMES*402D,Single in a Quint,1,JMES*402A JMES*402B JMES*402C,,
JMES,JMES*404A,Single in a Quad,1,JMES*404B JMES*404C,,
JMES,JMES*404B,Single in a Quad,1,JMES*404A JMES*404C,,
JMES,JMES*405C,Single in a Quint,1,JMES*405A JMES*405B,,
MUSS,MUSS*211,Single,1,,R7J15,
MUSS,MUSS*214,Single,1,,R7J18,
MUSS,MUSS*215,Single,1,,R7J19,
MUSS,MUSS*227,Single,1,,R7J30,
MUSS,MUSS*228,Single,1,,R7J89,
MUSS,MUSS*311,Single,1,,R7J42,
MUSS,MUSS*314,Single,1,,R7J45,
MUSS,MUSS*315,Single,1,,R7J46,
MUSS,MUSS*327,Single,1,,R7J57,
MUSS,MUSS*328,Single,1,,R7J104,
MUSS,MUSS*411,Single,1,,R7J66,
MUSS,MUSS*414,Single,1,,R7J84,
MUSS,MUSS*415,Single,1,,R7J73,
MUSS,MUSS*427,Single,1,,R7J85,
MUSS,MUSS*428,Single,1,,R7J7,
MYER,MYER*213,Single,1,,R7K78,
MYER,MYER*214,Single,1,,R7K18,
MYER,MYER*233,Single,1,,R7K9,
MYER,MYER*234,Single,1,,R7K20,
MYER,MYER*313,Single,1,,R7K15,
MYER,MYER*314,Single,1,,R7K43,
MYER,MYER*333,Single,1,,R7K44,
MYER,MYER*334,Single,1,,R7K45,
MYER,MYER*413,Single,1,,R7K95,
MYER,MYER*414,Single,1,,R7K46,
MYER,MYER*433,Single,1,,R7K11,
MYER,MYER*434,Single,1,,R7K70,
NASN,NASN*100A,Single in a Quint,1,NASN*100B NASN*100C NASN*100D,R7BH8,
NASN,NASN*100B,Single in a Quint,1,NASN*100A NASN*100C NASN*100D,R7BH2,
NASN,NASN*100C,Single in a Quint,1,NASN*100A NASN*100B NASN*100D,R7BH6,
NOUR,NOUR*012,Single,1,,R7L21,
NOUR,NOUR*014,Single,1,,R7L7,
NOUR,NOUR*015,Single,1,,R7L8,
NOUR,NOUR*016,Single,1,,R7L9,
NOUR,NOUR*017,Single,1,,R7L10,
NOUR,NOUR*103,Single,1,,R7L13,
NOUR,NOUR*105,Single,1,,R7L15,
NOUR,NOUR*107,Single,1,,R7L19,
NOUR,NOUR*108,Single,1,,R7L18,
NOUR,NOUR*109A,Single in a Double,1,NOUR*109B,R7L66,
NOUR,NOUR*109B,Single in a Double,1,SEVY*109A,R7L66,
NOUR,NOUR*110,Single,1,,R7L20,
NOUR,NOUR*207,Single,1,,R7L28,
NOUR,NOUR*214,Single,1,,R7L33,
NOUR,NOUR*215,Single,1,,R7L64,
NOUR,NOUR*307,Single,1,,R7L41,
NOUR,NOUR*314,Single,1,,R7L46,
NOUR,NOUR*315,Single,1,,R7L49,
NOUR,NOUR*414,Single,1,,R7L6,
NOUR,NOUR*415,Single,1,,R7L59,
OWNS,OWNS*100A,Single in a Quad,1,OWNS*100B OWNS*100C,R7BJ1,
OWNS,OWNS*100B,Single in a Quad,1,OWNS*100A OWNS*100C,R7BJ2,
OWNS,OWNS*200C,Single in a Quint,1,OWNS*200A OWNS*200B,R7BJ8,
OWNS,OWNS*300A,Single in a Quad,1,OWNS*300B OWNS*300C,R7BJ10,
OWNS,OWNS*300B,Single in a Quad,1,OWNS*300A OWNS*300C,R7BJ18,
PAGE,PAGE*200C,Single,1,,R7AP5,O7AP1
PAGW,PAGW*200B,Single in a Quint,1,,R7AR3,O7AR1
PARR,PARR*104,Single,1,,R7AG14,O7AG1
PARR,PARR*201,Single,1,,R7AG15,O7AG1
PARR,PARR*202,Single,1,,R7AG16,O7AG1
PARR,PARR*204,Single,1,,R7AG17,O7AG1
PREN,PREN*201,Single,1,,R7AT7,O7AT11
PREN,PREN*202,Single,1,,R7AT4,O7AT11
PREN,PREN*204,Single,1,,R7AT9,O7AT11
PREN,PREN*206,Single,1,,R7AT6,O7AT11
PRSH,PRSH*103A,Single,1,,,
PRSH,PRSH*103B,Single,1,,,
PRSH,PRSH*104A,Single,1,,,
PRSH,PRSH*104B,Single,1,,,
PRSH,PRSH*109,Single,1,,,
PRSH,PRSH*206A,Single,1,,R7AQ8,
PRSH,PRSH*212,Single,1,,R7AQ11,
PRSH,PRSH*215,Single,1,,R7AQ13,
PRSH,PRSH*303A,Single,1,PRSH 303B,R7AQ33,
PRSH,PRSH*303B,Single,1,PRSH 303A,R7AQ18,
PRSH,PRSH*314,Single,1,,R7AQ20,
RICE,RICE*201,Single in a Triple,1,RICE*202,R7AU5,O7AU1
RICE,RICE*300A,Single,1,,R7AU6,O7AU1
RICE,RICE*300B,Single,1,,R7AU10,O7AU1
RICE,RICE*300C,Single,1,,R7AU11,O7AU1
SCOT,SCOT*100A,Single in a Quad,1,SCOT*100B SCOT*100C,R7BK1,
SCOT,SCOT*100B,Single in a Quad,1,SCOT*100A SCOT*100C,R7BK2,
SCOT,SCOT*200A,Single in a Quad,1,SCOT*200B SCOT*200C,R7BK5,
SCOT,SCOT*200B,Single in a Quad,1,SCOT*200A SCOT*200C,R7BK6,
SCOT,SCOT*300A,Single in a Quint,1,SCOT*300B SCOT*300C,R7BK10,
SEVY,SEVY*203B,Single in a Quad,1,SEVY*203A SEVY*203C,R7M20,O7M49
SEVY,SEVY*203C,Single in a Quad,1,SEVY*203A SEVY*203B,R7M8,O7M49
SEVY,SEVY*207A,Single in a Double,1,SEVY*207B,R7M11,O7M21
SEVY,SEVY*207B,Single in a Double,1,SEVY*207A,R7M22,O7M21
SEVY,SEVY*212A,Single in a Double,1,SEVY*212B,R7M23,O7M64
SEVY,SEVY*212B,Single in a Double,1,SEVY*212A,R7M24,O7M64
SEVY,SEVY*213,Single,1,,R7M25,
SEVY,SEVY*303B,Single in a Quad,1,SEVY*303A SEVY*303C,R7M31,O7M29
SEVY,SEVY*303C,Single in a Quad,1,SEVY*303A SEVY*303B,R7M53,O7M29
SEVY,SEVY*307B,Single in a Triple,1,SEVY*307A,R7M38,
SEVY,SEVY*311,Single,1,,R7M42,
SEVY,SEVY*403B,Single in a Quad,1,SEVY*403A,R7M48,O7M46
STIM,STIM*201,Single,1,,R7AV3,
STIM,STIM*202,Single,1,,R7AV4,
WADE,WADE*204,Single,1,,R7AL14,
WADE,WADE*205,Single,1,,R7AL5,
WADE,WADE*305,Single,1,,R7AL11,
WADE,WADE*306,Single,1,,R7AL12,
WATS,WATS*201,Single,1,,R7N8,
WATS,WATS*202,Single,1,,R7N9,
WATS,WATS*204,Single,1,,R7N11,
WATS,WATS*205,Single,1,,R7N12,
WATS,WATS*208,Single,1,,R7N15,
WATS,WATS*209,Single,1,,R7N140,
WATS,WATS*211,Single,1,,R7N7,
WATS,WATS*212,Single,1,,R7N19,
WATS,WATS*215,Single,1,,R7N22,
WATS,WATS*216,Single,1,,R7N23,
WATS,WATS*218,Single,1,,R7N126,
WATS,WATS*219,Single,1,,R7N134,
WATS,WATS*301,Single,1,,R7N27,
WATS,WATS*302,Single,1,,R7N28,
WATS,WATS*304,Single,1,,R7N16,
WATS,WATS*305,Single,1,,R7N31,
WATS,WATS*308,Single,1,,R7N34,
WATS,WATS*309,Single,1,,R7N35,
WATS,WATS*311,Single,1,,R7N37,
WATS,WATS*312,Single,1,,R7N38,
WATS,WATS*315,Single,1,,R7N41,
WATS,WATS*316,Single,1,,R7N42,
WATS,WATS*318,Single,1,,R7N44,
WATS,WATS*319,Single,1,,R7N45,
WATS,WATS*401,Single,1,,R7N46,
WATS,WATS*402,Single,1,,R7N47,
WATS,WATS*404,Single,1,,R7N49,
WATS,WATS*405,Single,1,,R7N50,
WATS,WATS*408,Single,1,,R7N53,
WATS,WATS*409,Single,1,,R7N161,
WATS,WATS*411,Single,1,,R7N122,
WATS,WATS*412,Single,1,,R7N57,
WATS,WATS*415,Single,1,,R7N130,
WATS,WATS*416,Single,1,,R7N61,
WATS,WATS*418,Single,1,,R7N59,
WATS,WATS*419,Single,1,,R7N64,
WATS,WATS*501,Single,1,,R7N65,
WATS,WATS*502,Single,1,,R7N66,
WATS,WATS*504,Single,1,,R7N68,
WATS,WATS*505,Single,1,,R7N69,
WATS,WATS*508,Single,1,,R7N142,
WATS,WATS*509,Single,1,,R7N73,
WATS,WATS*511,Single,1,,R7N75,
WATS,WATS*512,Single,1,,R7N76,
WATS,WATS*515,Single,1,,R7N79,
WATS,WATS*516,Single,1,,R7N80,
WATS,WATS*518,Single,1,,R7N82,
WATS,WATS*519,Single,1,,R7N128,
WATS,WATS*601,Single,1,,R7N149,
WATS,WATS*602,Single,1,,R7N85,
WATS,WATS*604,Single,1,,R7N87,
WATS,WATS*605,Single,1,,R7N88,
WATS,WATS*608,Single,1,,R7N93,
WATS,WATS*609,Single,1,,R7N92,
WATS,WATS*611,Single,1,,R7N94,
WATS,WATS*612,Single,1,,R7N95,
WATS,WATS*615,Single,1,,R7N98,
WATS,WATS*616,Single,1,,R7N99,
WATS,WATS*618,Single,1,,R7N101,
WATS,WATS*619,Single,1,,R7N102,
WATS,WATS*701,Single,1,,R7N143,
WATS,WATS*702,Single,1,,R7N104,
WATS,WATS*704,Single,1,,R7N146,
WATS,WATS*705,Single,1,,R7N107,
WATS,WATS*708,Single,1,,R7N145,
WATS,WATS*709,Single,1,,R7N111,
WATS,WATS*711,Single,1,,R7N113,
WATS,WATS*712,Single,1,,R7N144,
WATS,WATS*715,Single,1,,R7N117,
WATS,WATS*716,Single,1,,R7N118,
WATS,WATS*718,Single,1,,R7N120,
WATS,WATS*719,Single,1,,R7N121,
WILM,WILM*204,Single,1,,R7AW4,O7AW10
WILM,WILM*206,Single,1,,R7AW5,O7AW10
WILM,WILM*208,Single,1,,R7AW6,O7AW10
WILS,WILS*101,Single,1,,R7AX3,O7AX9
WILS,WILS*102,Single,1,,R7AX4,O7AX9
WILS,WILS*201,Single,1,,R7AX8,O7AX9
WILS,WILS*202,Single,1,,R7AX6,O7AX9
WILS,WILS*203,Single,1,,R7AX7,O7AX9
ALLE,ALLE*107A,"Double, 2 Room",2,,R7AA5,O7AA2
ALLE,ALLE*207,Double,2,,R7AA14,O7AA2
ALLE,ALLE*208,Double,2,,R7AA4,O7AA2
BENT,BENT*102,Double,2,,R7AB3,O7AB12
BENT,BENT*201A,"Double, 2 Room",2,,R7AB6,O7AB12
BENT,BENT*202,Double,2,,R7AB11,O7AB12
BENT,BENT*204,Double,2,,R7AB5,O7AB12
BERG,BERG*103,Double,2,,R7AC5,O7AC1
BERG,BERG*201,Double,2,,R7AC7,O7AC1
BRKS,BRKS*100A,Double in Quad,2,BRKS*100B,R7BA7,
BRKS,BRKS*100B,Double in Quad,2,BRKS*100A,R7BA2,
BRKS,BRKS*200A,Double in Quad,2,BRKS*200B,R7BA3,
BRKS,BRKS*200B,Double in Quad,2,BRKS*200A,R7BA5,
BRKS,BRKS*300C,Double in Quad,2,BRKS*300A BRKS*300B,R7BA1,
BURT,BURT*104,Double,2,,R7C53,
BURT,BURT*106A,"Double, 2 Room",2,,R7C120,
BURT,BURT*107A,"Double, 2 Room",2,,R7C12,
BURT,BURT*110A,"Double, 2 Room",2,,R7C117,
BURT,BURT*115,Double,2,,R7C18,
BURT,BURT*121B,Double in Triple,2,BURT*121A,R7C64,
BURT,BURT*122A,"Double, 2 Room",2,,R7C21,
BURT,BURT*125A,"Double, 2 Room",2,,R7C24,
BURT,BURT*126A,"Double, 2 Room",2,,R7C25,
BURT,BURT*128,Double,2,,R7C66,
BURT,BURT*208B,Double in Triple,2,BURT*208A,R7C122,
BURT,BURT*209A,"Double, 2 Room",2,,R7C35,
BURT,BURT*212A,"Double, 2 Room",2,,R7C106,
BURT,BURT*213B,Double in Triple,2,BURT*213A,R7C29,
BURT,BURT*221,Double,2,,R7C113,
BURT,BURT*222,"Double, 2 Room",2,,R7C43,
BURT,BURT*225B,Double in Triple,2,BURT*225A,R7C46,
BURT,BURT*226B,Double in Triple,2,BURT*226A,R7C109,
BURT,BURT*229A,"Double, 2 Room",2,,R7C34,
BURT,BURT*308B,Double in Triple,2,BURT*308A,R7C111,
BURT,BURT*312A,"Double, 2 Room",2,,R7C8,
BURT,BURT*315,Double,2,,R7C65,
BURT,BURT*319A,"Double, 2 Room",2,,R7C67,
BURT,BURT*321,Double,2,,R7C68,
BURT,BURT*322,Double,2,,R7C16,
BURT,BURT*325B,Double in Triple,2,BURT*325A,R7C110,
BURT,BURT*326B,Double in Triple,2,BURT*326A,R7C124,
BURT,BURT*400,Double,2,,R7C81,
BURT,BURT*401,Double,2,,R7C17,
BURT,BURT*404,Double,2,,R7C119,
BURT,BURT*406,Double,2,,R7C85,
BURT,BURT*409,Double,2,,R7C88,
BURT,BURT*411,Double,2,,R7C89,
BURT,BURT*414B,Double in Triple,2,BURT*414A,R7C91,
BURT,BURT*417,Double,2,,R7C92,
BURT,BURT*419,Double,2,,R7C94,
BURT,BURT*420,Double,2,,R7C31,
BURT,BURT*422,Double,2,,R7C97,
BURT,BURT*427,Double,2,,R7C99,
CASS,CASS*107,Double,2,,,
CASS,CASS*109,Double,2,,,
CASS,CASS*111,Double,2,,,
CASS,CASS*112,Double,2,,,
CASS,CASS*113,Double,2,,,
CASS,CASS*114,Double,2,,,
CASS,CASS*126,Double,2,,,
CASS,CASS*128,Double,2,,,
CASS,CASS*202,Double,2,,,
CASS,CASS*203,Double,2,,,
CASS,CASS*204,Double,2,,,
CASS,CASS*205,Double,2,,,
CASS,CASS*207,Double,2,,,
CASS,CASS*209,Double,2,,,
CASS,CASS*211,Double,2,,,
CASS,CASS*212,Double,2,,,
CASS,CASS*213,Double,2,,,
CASS,CASS*214,Double,2,,,
CASS,CASS*219,Double,2,,,
CASS,CASS*220,Double,2,,,
CASS,CASS*221,Double,2,,,
CASS,CASS*222,Double,2,,,
CASS,CASS*226,Double,2,,,
CASS,CASS*228,Double,2,,,
CASS,CASS*302,Double,2,,,
CASS,CASS*303,Double,2,,,
CASS,CASS*304,Double,2,,,
CASS,CASS*305,Double,2,,,
CASS,CASS*307,Double,2,,,
CASS,CASS*309,Double,2,,,
CASS,CASS*311,Double,2,,,
CASS,CASS*312,Double,2,,,
CASS,CASS*313,Double,2,,,
CASS,CASS*314,Double,2,,,
CASS,CASS*319,Double,2,,,
CASS,CASS*320,Double,2,,,
CASS,CASS*321,Double,2,,,
CASS,CASS*322,Double,2,,,
CASS,CASS*326,Double,2,,,
CASS,CASS*328,Double,2,,,
CASS,CASS*402,Double,2,,,
CASS,CASS*403,Double,2,,,
CASS,CASS*404,Double,2,,,
CASS,CASS*405,Double,2,,,
CASS,CASS*407,Double,2,,,
CASS,CASS*409,Double,2,,,
CASS,CASS*411,Double,2,,,
CASS,CASS*412,Double,2,,,
CASS,CASS*413,Double,2,,,
CASS,CASS*414,Double,2,,,
CASS,CASS*419,Double,2,,,
CASS,CASS*420,Double,2,,,
CASS,CASS*421,Double,2,,,
CASS,CASS*422,Double,2,,,
CASS,CASS*426,Double,2,,,
CASS,CASS*428,Double,2,,,
CHAN,CHAN*101,Double,2,,R7AD12,O7AD13
CHAN,CHAN*103,Double,2,,R7AD4,O7AD13
CHAN,CHAN*201,Double,2,,R7AD6,O7AD13
CHAN,CHAN*202,Double,2,,R7AD7,O7AD13
CHAN,CHAN*205,Double,2,,R7AD10,O7AD13
CLWL,CLWL*100C,Double in a Quint,2,CLWL*100A CLWL*100B CLWL*100D,R7BC7,
CLWL,CLWL*200C,Double in a Quint,2,CLWL*200A CLWL*200B CLWL*200D,R7BC12,
COLR,COLR*100A,Double in Quad,2,COLR*100B,R7BB1,
COLR,COLR*100B,Double in Quad,2,COLR*100A,R7BB2,
COLR,COLR*200C,Double in Quad,2,COLR*200A COLR*200B,R7BB12,
COLR,COLR*300C,Double in Quad,2,COLR*300A COLR*300B,R7BB8,
DAVI,DAVI*104B,Double in a Quint,2,DAVI*104A DAVI*104C,R7E81,O7E70
DAVI,DAVI*104C,Double in a Quint,2,DAVI*104A DAVI*104B,R7E8,O7E70
DAVI,DAVI*106,Double in Quad,2,DAVI*107,R7E15,
DAVI,DAVI*107,Double in Quad,2,DAVI*106,R7E10,
DAVI,DAVI*108,Double,2,,R7E11,
DAVI,DAVI*109,Double in Quad,2,DAVI*110,R7E12,
DAVI,DAVI*110,Double in Quad,2,DAVI*109,R7E79,
DAVI,DAVI*115,Double in Triple,2,DAVI*114,R7E17,
DAVI,DAVI*122,Double in Triple,2,DAVI*121,R7E20,
DAVI,DAVI*204B,Double in a Quint,2,DAVI*204A DAVI*204C,R7E31,O7E5
DAVI,DAVI*204C,Double in a Quint,2,DAVI*204A DAVI*204B,R7E25,O7E5
DAVI,DAVI*206,Double in Quad,2,DAVI*207,R7E26,
DAVI,DAVI*207,Double in Quad,2,DAVI*206,R7E64,
DAVI,DAVI*208,Double,2,,R7E71,
DAVI,DAVI*209,Double in Quad,2,DAVI*210,R7E69,
DAVI,DAVI*210,Double in Quad,2,DAVI*209,R7E7,
DAVI,DAVI*211,Double in a Quint,2,DAVI*212,R7E19,
DAVI,DAVI*215,Double in Triple,2,DAVI*214,R7E87,
DAVI,DAVI*222,Double in Triple,2,DAVI*221,R7E38,
DAVI,DAVI*304B,Double in a Quint,2,DAVI*304A DAVI*304C,R7E42,O7E40
DAVI,DAVI*304C,Double in a Quint,2,DAVI*304A DAVI*304B,R7E43,O7E40
DAVI,DAVI*306,Double in Quad,2,DAVI*307,R7E44,
DAVI,DAVI*307,Double in Quad,2,DAVI*306,R7E86,
DAVI,DAVI*308,Double,2,,R7E46,
DAVI,DAVI*309,Double,2,,R7E47,
DAVI,DAVI*312,Double,2,,R7E30,
DAVI,DAVI*314B,Double in a Quint,2,DAVI*314A DAVI*314C,R7E29,O7E22
DAVI,DAVI*314C,Double in a Quint,2,DAVI*314A DAVI*314B,R7E49,O7E22
DAVI,DAVI*320,Double in Triple,2,DAVI*319,R7E55,
DAVI,DAVI*404B,Double in a Quint,2,DAVI*404A DAVI*404C,R7E59,O7E56
DAVI,DAVI*404C,Double in a Quint,2,DAVI*404A DAVI*404B,R7E60,O7E56
DAVI,DAVI*406,Double,2,,R7E61,
DAVI,DAVI*407,Double in Quad,2,DAVI*408,R7E62,
DAVI,DAVI*408,Double in Quad,2,DAVI*407,R7E63,
DAVI,DAVI*409,Double,2,,R7E88,
DAVI,DAVI*412,Double,2,,R7E65,
DAVI,DAVI*414,Double in Triple,2,DAVI*413,R7E74,
DIXN,DIXN*100B,Double in Triple,2,DIXN*100A,R7BD2,
DIXN,DIXN*200A,Double in a Sextet,2,DIXN*200B DIXN*200C,R7BD7,
DIXN,DIXN*200B,Double in a Sextet,2,DIXN*200A DIXN*200C,R7BD1,
DIXN,DIXN*200C,Double in a Sextet,2,DIXN*200A DIXN*200B,R7BD5,
DOUG,DOUG*202,Double,2,,R7AF4,O7AF6
DOWH,DOWH*100A,Double in Quad,2,DOWH*100B,R7BE2,O7BE6
DOWH,DOWH*100B,Double in Quad,2,DOWH*100A,R7BE10,O7BE6
DOWH,DOWH*200A,Double in a Sextet,2,DOWH*200B DOWH*200C DOWH*200D,R7BE3,O7BE8
DOWH,DOWH*200B,Double in a Sextet,2,DOWH*200A DOWH*200C DOWH*200D,R7BE11,O7BE8
EUGS,EUGS*100C,Double in Quad,2,EUGS*100A EUGS*100B,R7BF6,
EUGS,EUGS*200B,Double in a Quint,2,EUGS*200A EUGS*200C,R7BF22,
EUGS,EUGS*200C,Double in a Quint,2,EUGS*200A EUGS*200B,R7BF20,
EUGS,EUGS*400C,Double in Quad,2,EUGS*400A EUGS*400B,R7BF15,
EVAN,EVAN*007,Double,2,,,
EVAN,EVAN*008,Double,2,,,
EVAN,EVAN*011,Double in a Sextet,2,EVAN*010,,
EVAN,EVAN*118,Double,2,,,
EVAN,EVAN*208,Double,2,,,
EVAN,EVAN*209,Double,2,,,
EVAN,EVAN*212,Double,2,,,
EVAN,EVAN*308,Double,2,,,
EVAN,EVAN*309,Double,2,,,
EVAN,EVAN*312,Double,2,,,
EVAN,EVAN*402,Double,2,,,
EVAN,EVAN*405,Double,2,,,
EVAN,EVAN*406,"Double, Adj. Bath",2,EVAN406,,
EVAN,EVAN*407,"Double, Adj. Bath",2,EVAN406,,
FACL,FACL*100,Double,2,,R7AY18,
FACL,FACL*105,Double,2,,R7AY10,
FACL,FACL*200,Double,2,,R7AY11,
FACL,FACL*205,Double,2,,R7AY16,
FARM,FARM*201,Double,2,,R7AG5,O7AG1
FARM,FARM*202,Double,2,,R7AG6,O7AG1
FARM,FARM*203,Double,2,,R7AG7,O7AG1
FARM,FARM*204,Double,2,,R7AG8,O7AG1
GFRT,GFRT*202,Double,2,,R7AH8,O7AH11
GFRT,GFRT*203A,"Double, 2 Room",2,,R7AH7,O7AH11
GHUE,GHUE*102,Double,2,,R7G117,
GHUE,GHUE*103,Double,2,,R7G118,
GHUE,GHUE*104,Double,2,,R7G7,
GHUE,GHUE*105,Double,2,,R7G8,
GHUE,GHUE*106,Double,2,,R7G20,
GHUE,GHUE*112,Double,2,,R7G26,
GHUE,GHUE*113,Double,2,,R7G137,
GHUE,GHUE*114,Double,2,,R7G21,
GHUE,GHUE*115,Double,2,,R7G13,
GHUE,GHUE*117,Double,2,,R7G27,
GHUE,GHUE*118,Double,2,,R7G15,
GHUE,GHUE*119,Double,2,,R7G16,
GHUE,GHUE*121,Double,2,,R7G141,
GHUE,GHUE*122,Double,2,,R7G33,
GHUE,GHUE*126,Double,2,,R7G10,
GHUE,GHUE*128,Double,2,,R7G51,
GHUE,GHUE*130,Double,2,,R7G136,
GHUE,GHUE*132,Double,2,,R7G103,
GHUE,GHUE*133,Double,2,,R7G46,
GHUE,GHUE*137,Double,2,,R7G142,
GHUE,GHUE*139,Double,2,,R7G91,
GHUE,GHUE*140,Double,2,,R7G28,
GHUE,GHUE*201,Double,2,,R7G29,
GHUE,GHUE*203,Double,2,,R7G119,
GHUE,GHUE*205,Double,2,,R7G95,
GHUE,GHUE*206,Double,2,,R7G140,
GHUE,GHUE*207,Double,2,,R7G34,
GHUE,GHUE*209,Double,2,,R7G138,
GHUE,GHUE*214,Double,2,,R7G9,
GHUE,GHUE*215,Double,2,,R7G39,
GHUE,GHUE*216,Double,2,,R7G55,
GHUE,GHUE*218,Double,2,,R7G120,
GHUE,GHUE*220,Double,2,,R7G139,
GHUE,GHUE*221,Double,2,,R7G11,
GHUE,GHUE*223,Double,2,,R7G90,
GHUE,GHUE*224,Double,2,,R7G69,
GHUE,GHUE*227,Double,2,,R7G68,
GHUE,GHUE*228,Double,2,,R7G62,
GHUE,GHUE*230,Double,2,,R7G49,
GHUE,GHUE*232,Double,2,,R7G130,
GHUE,GHUE*235,Double,2,,R7G74,
GHUE,GHUE*237,Double,2,,R7G52,
GHUE,GHUE*239,Double,2,,R7G53,
GHUE,GHUE*241,Double,2,,R7G54,
GHUE,GHUE*242,Double,2,,R7G83,
GHUE,GHUE*243,Double,2,,R7G38,
GHUE,GHUE*245,Double,2,,R7G57,
GHUE,GHUE*301,Double,2,,R7G106,
GHUE,GHUE*303,Double,2,,R7G132,
GHUE,GHUE*305,Double,2,,R7G61,
GHUE,GHUE*306,Double,2,,R7G134,
GHUE,GHUE*307,Double,2,,R7G63,
GHUE,GHUE*309,Double,2,,R7G44,
GHUE,GHUE*314,Double,2,,R7G67,
GHUE,GHUE*315,Double,2,,R7G133,
GHUE,GHUE*316,Double,2,,R7G146,
GHUE,GHUE*318,Double,2,,R7G65,
GHUE,GHUE*320,Double,2,,R7G72,
GHUE,GHUE*321,Double,2,,R7G131,
GHUE,GHUE*323,Double,2,,R7G110,
GHUE,GHUE*324,Double,2,,R7G75,
GHUE,GHUE*327,Double,2,,R7G76,
GHUE,GHUE*328,Double,2,,R7G77,
GHUE,GHUE*330,Double,2,,R7G45,
GHUE,GHUE*332,Double,2,,R7G79,
GHUE,GHUE*335,Double,2,,R7G80,
GHUE,GHUE*337,Double,2,,R7G81,
GHUE,GHUE*339,Double,2,,R7G82,
GHUE,GHUE*341,Double,2,,R7G135,
GHUE,GHUE*342,Double,2,,R7G84,
GHUE,GHUE*343,Double,2,,R7G85,
GHUE,GHUE*345,Double,2,,R7G66,
GHUE,GHUE*401,Double,2,,R7G17,
GHUE,GHUE*403,Double,2,,R7G87,
GHUE,GHUE*405,Double,2,,R7G105,
GHUE,GHUE*406,Double,2,,R7G112,
GHUE,GHUE*407,Double,2,,R7G92,
GHUE,GHUE*409,Double,2,,R7G94,
GHUE,GHUE*414,Double,2,,R7G96,
GHUE,GHUE*415,Double,2,,R7G97,
GHUE,GHUE*416,Double,2,,R7G98,
GHUE,GHUE*418,Double,2,,R7G124,
GHUE,GHUE*420,Double,2,,R7G101,
GHUE,GHUE*421,Double,2,,R7G37,
GHUE,GHUE*423,Double,2,,R7G116,
GHUE,GHUE*424,Double,2,,R7G18,
GHUE,GHUE*427,Double,2,,R7G43,
GHUE,GHUE*428,Double,2,,R7G125,
GHUE,GHUE*430,Double,2,,R7G107,
GHUE,GHUE*432,Double,2,,R7G32,
GHUE,GHUE*435,Double,2,,R7G109,
GHUE,GHUE*437,Double,2,,R7G12,
GHUE,GHUE*439,Double,2,,R7G114,
GHUE,GHUE*441,Double,2,,R7G145,
GHUE,GHUE*442,Double,2,,R7G113,
GHUE,GHUE*443,Double,2,,R7G50,
GHUE,GHUE*445,Double,2,,R7G115,
HALL,HALL*100A,Double,2,,R7AJ6,O7AJ1
HALL,HALL*200A,Double,2,,R7AJ13,O7AJ1
HCTG,HCTG*201,Double,2,,R7AM4,O7AM10
HCTG,HCTG*203,Double,2,,R7AM3,O7AM10
HNRK,HNRK*013,Double,2,,R7AK3,O7AK11
HNTH,HNTH*100C,Double in a Quint,2,HNTH*100A HNTH*100B HNTH*100D,R7BG10,
HNTH,HNTH*200D,Double in a Quint,2,HNTH*200A HNTH*200B HNTH*200C,R7BG11,
HUNT,HUNT*105,Double,2,,R7AN5,O7AN15
HUNT,HUNT*203,Double,2,,R7AN8,O7AN15
HUNT,HUNT*204,Double,2,,R7AN9,O7AN15
HUNT,HUNT*208,Double,2,,R7AN10,O7AN15
JEWE,JEWE*100A,Double,2,,R7AZ8,O7AZ1
JEWE,JEWE*100B,Double,2,,R7AZ4,O7AZ1
JEWE,JEWE*200A,Double,2,,R7AZ5,O7AZ1
JEWE,JEWE*200B,Double,2,,R7AZ9,O7AZ1
JEWE,JEWE*303,Double,2,,R7A13,O7AZ1
JMES,JMES*004D,Double in a Quint,2,JMES*004A JMES*004B JMES*004C,,
JMES,JMES*005A,Double in a Quint,2,JMES*005B JMES*005C JMES*005D,,
JMES,JMES*101B,Double in Quad,2,JMES*101A JMES*101C,,
JMES,JMES*102B,Double in Quad,2,JMES*102A JMES*102C,,
JMES,JMES*103A,Double in Quad,2,JMES*103B JMES*103C,,
JMES,JMES*104C,Double in Quad,2,JMES*104A JMES*104B,,
JMES,JMES*201B,Double in Quad,2,JMES*201A JMES*201C,,
JMES,JMES*202C,Double in a Quint,2,JMES*202A JMES*202B JMES*202D,,
JMES,JMES*203A,Double in Quad,2,JMES*203B JMES*203C,,
JMES,JMES*204C,Double in Quad,2,JMES*204A JMES*204B,,
JMES,JMES*205A,Double in a Quint,2,JMES*205B JMES*205C JMES*205D,,
JMES,JMES*301B,Double in Quad,2,JMES*301A JMES*301C,,
JMES,JMES*302C,Double in a Quint,2,JMES*302A JMES*302B JMES*302D,,
JMES,JMES*303A,Double in Quad,2,JMES*303B JMES*303C,,
JMES,JMES*304C,Double in Quad,2,JMES*304A JMES*304B,,
JMES,JMES*305A,Double in a Quint,2,JMES*305B JMES*305C JMES*305D,,
JMES,JMES*401B,Double in Quad,2,JMES*401A JMES*401C,,
JMES,JMES*402C,Double in a Quint,2,JMES*402A JMES*402B JMES*402D,,
JMES,JMES*403A,Double in Quad,2,JMES*403B,,
JMES,JMES*403B,Double in Quad,2,JMES*403A,,
JMES,JMES*404C,Double in Quad,2,JMES*404A JMES*404B,,
JMES,JMES*405A,Double in a Quint,2,JMES*405B JMES*405C,,
JMES,JMES*405B,Double in a Quint,2,JMES*405A JMES*405C,,
MUSS,MUSS*201,Double,2,,R7J5,
MUSS,MUSS*202,Double,2,,R7J90,
MUSS,MUSS*203,Double,2,,R7J95,
MUSS,MUSS*204,Double,2,,R7J8,
MUSS,MUSS*205,Double,2,,R7J88,
MUSS,MUSS*206,Double,2,,R7J71,
MUSS,MUSS*207,Double,2,,R7J96,
MUSS,MUSS*208,Double,2,,R7J94,
MUSS,MUSS*209,Double,2,,R7J80,
MUSS,MUSS*210,Double,2,,R7J14,
MUSS,MUSS*213,Double,2,,R7J11,
MUSS,MUSS*218,Double,2,,R7J105,
MUSS,MUSS*219,Double,2,,R7J61,
MUSS,MUSS*220,Double,2,,R7J23,
MUSS,MUSS*221,Double,2,,R7J24,
MUSS,MUSS*222,Double,2,,R7J25,
MUSS,MUSS*223,Double,2,,R7J26,
MUSS,MUSS*224,Double,2,,R7J9,
MUSS,MUSS*225,Double,2,,R7J22,
MUSS,MUSS*226,Double,2,,R7J38,
MUSS,MUSS*301,Double,2,,R7J91,
MUSS,MUSS*302,Double,2,,R7J33,
MUSS,MUSS*303,Double,2,,R7J41,
MUSS,MUSS*304,Double,2,,R7J107,
MUSS,MUSS*305,Double,2,,R7J36,
MUSS,MUSS*306,Double,2,,R7J35,
MUSS,MUSS*307,Double,2,,R7J17,
MUSS,MUSS*308,Double,2,,R7J39,
MUSS,MUSS*309,Double,2,,R7J40,
MUSS,MUSS*310,Double,2,,R7J93,
MUSS,MUSS*313,Double,2,,R7J44,
MUSS,MUSS*317,Double,2,,R7J31,
MUSS,MUSS*318,Double,2,,R7J48,
MUSS,MUSS*319,Double,2,,R7J49,
MUSS,MUSS*320,Double,2,,R7J21,
MUSS,MUSS*321,Double,2,,R7J65,
MUSS,MUSS*322,Double,2,,R7J29,
MUSS,MUSS*323,Double,2,,R7J37,
MUSS,MUSS*324,Double,2,,R7J12,
MUSS,MUSS*325,Double,2,,R7J92,
MUSS,MUSS*326,Double,2,,R7J82,
MUSS,MUSS*401,Double,2,,R7J59,
MUSS,MUSS*402,Double,2,,R7J60,
MUSS,MUSS*403,Double,2,,R7J111,
MUSS,MUSS*404,Double,2,,R7J62,
MUSS,MUSS*405,Double,2,,R7J43,
MUSS,MUSS*406,Double,2,,R7J2,
MUSS,MUSS*407,Double,2,,R7J55,
MUSS,MUSS*408,Double,2,,R7J112,
MUSS,MUSS*409,Double,2,,R7J69,
MUSS,MUSS*410,Double,2,,R7J68,
MUSS,MUSS*413,Double,2,,R7J6,
MUSS,MUSS*417,Double,2,,R7J108,
MUSS,MUSS*418,Double,2,,R7J64,
MUSS,MUSS*419,Double,2,,R7J76,
MUSS,MUSS*420,Double,2,,R7J77,
MUSS,MUSS*421,Double,2,,R7J27,
MUSS,MUSS*422,Double,2,,R7J58,
MUSS,MUSS*423,Double,2,,R7J106,
MUSS,MUSS*424,Double,2,,R7J81,
MUSS,MUSS*425,Double,2,,R7J54,
MUSS,MUSS*426,Double,2,,R7J102,
MYER,MYER*115A,"Double, 2 Room",2,,R7K5,
MYER,MYER*201,Double,2,,R7K7,
MYER,MYER*202,Double,2,,R7K8,
MYER,MYER*203,Double,2,,R7K107,
MYER,MYER*204,Double,2,,R7K61,
MYER,MYER*205,Double,2,,R7K10,
MYER,MYER*206,Double,2,,R7K85,
MYER,MYER*207,Double,2,,R7K12,
MYER,MYER*208,Double,2,,R7K13,
MYER,MYER*209,Double,2,,R7K66,
MYER,MYER*210,Double,2,,R7K99,
MYER,MYER*211,Double,2,,R7K49,
MYER,MYER*236,Double,2,,R7K88,
MYER,MYER*237,Double,2,,R7K6,
MYER,MYER*238,Double,2,,R7K98,
MYER,MYER*239,Double,2,,R7K24,
MYER,MYER*240,Double,2,,R7K25,
MYER,MYER*241,Double,2,,R7K86,
MYER,MYER*242,Double,2,,R7K27,
MYER,MYER*243,Double,2,,R7K14,
MYER,MYER*244,Double,2,,R7K101,
MYER,MYER*245,Double,2,,R7K30,
MYER,MYER*246,Double,2,,R7K102,
MYER,MYER*301,Double,2,,R7K31,
MYER,MYER*302,Double,2,,R7K103,
MYER,MYER*303,Double,2,,R7K67,
MYER,MYER*304,Double,2,,R7K29,
MYER,MYER*305,Double,2,,R7K33,
MYER,MYER*306,Double,2,,R7K104,
MYER,MYER*307,Double,2,,R7K26,
MYER,MYER*308,Double,2,,R7K38,
MYER,MYER*309,Double,2,,R7K39,
MYER,MYER*310,Double,2,,R7K23,
MYER,MYER*311,Double,2,,R7K41,
MYER,MYER*336,Double,2,,R7K97,
MYER,MYER*337,Double,2,,R7K47,
MYER,MYER*338,Double,2,,R7K105,
MYER,MYER*339,Double,2,,R7K91,
MYER,MYER*340,Double,2,,R7K50,
MYER,MYER*341,Double,2,,R7K51,
MYER,MYER*342,Double,2,,R7K52,
MYER,MYER*343,Double,2,,R7K53,
MYER,MYER*344,Double,2,,R7K54,
MYER,MYER*345,Double,2,,R7K35,
MYER,MYER*346,Double,2,,R7K63,
MYER,MYER*401,Double,2,,R7K57,
MYER,MYER*402,Double,2,,R7K82,
MYER,MYER*403,Double,2,,R7K56,
MYER,MYER*404,Double,2,,R7K36,
MYER,MYER*405,Double,2,,R7K60,
MYER,MYER*406,Double,2,,R7K96,
MYER,MYER*407,Double,2,,R7K62,
MYER,MYER*408,Double,2,,R7K106,
MYER,MYER*409,Double,2,,R7K64,
MYER,MYER*410,Double,2,,R7K65,
MYER,MYER*411,Double,2,,R7K92,
MYER,MYER*436,Double,2,,R7K71,
MYER,MYER*437,Double,2,,R7K72,
MYER,MYER*438,Double,2,,R7K4,
MYER,MYER*439,Double,2,,R7K74,
MYER,MYER*440,Double,2,,R7K75,
MYER,MYER*441,Double,2,,R7K76,
MYER,MYER*442,Double,2,,R7K77,
MYER,MYER*443,Double,2,,R7K84,
MYER,MYER*444,Double,2,,R7K79,
MYER,MYER*445,Double,2,,R7K80,
MYER,MYER*446,Double,2,,R7K81,
NASN,NASN*100D,Double in a Quint,2,NASN*100A NASN*100B NASN*100C,R7BH7,
NOUR,NOUR*013,Double,2,,R7L36,
NOUR,NOUR*104A,"Double, 2 Room",2,,R7L14,
NOUR,NOUR*106A,"Double, 2 Room",2,,R7L16,
NOUR,NOUR*112,Double,2,,R7L34,
NOUR,NOUR*204A,"Double, 2 Room",2,,R7L26,
NOUR,NOUR*206A,"Double, 2 Room",2,,R7L27,
NOUR,NOUR*209A,"Double, 2 Room",2,,R7L30,
NOUR,NOUR*211A,"Double, 2 Room",2,,R7L73,
NOUR,NOUR*212,Double,2,,R7L32,
NOUR,NOUR*304A,"Double, 2 Room",2,,R7L40,
NOUR,NOUR*306A,"Double, 2 Room",2,,R7L31,
NOUR,NOUR*309A,"Double, 2 Room",2,,R7L45,
NOUR,NOUR*311A,"Double, 2 Room",2,,R7L67,
NOUR,NOUR*312,Double,2,,R7L47,
NOUR,NOUR*400,Double,2,,R7L52,
NOUR,NOUR*401,Double,2,,R7L71,
NOUR,NOUR*405,Double,2,,R7L72,
NOUR,NOUR*407A,"Double, 2 Room",2,,R7L55,
NOUR,NOUR*410,Double,2,,R7L56,
NOUR,NOUR*412,Double,2,,R7L17,
NOUR,NOUR*416,Double,2,,R7L60,
NOUR,NOUR*417,Double,2,,R7L61,
NOUR,NOUR*418,Double,2,,R7L22,
OWNS,OWNS*100C,Double in Quad,2,OWNS*100A OWNS*100B,R7BJ3,
OWNS,OWNS*200A,Double in a Quint,2,OWNS*200B OWNS*200C,R7BJ14,
OWNS,OWNS*200B,Double in a Quint,2,OWNS*200A OWNS*200C,R7BJ17,
OWNS,OWNS*300C,Double in Quad,2,OWNS*300A OWNS*300B,R7BJ12,
PAGE,PAGE*200A,Double,2,,R7AP3,O7AP1
PAGE,PAGE*200B,Double,2,,R7AP4,O7AP1
PAGW,PAGW*200A,Double in a Quint,2,,R7AR2,O7AR1
PAGW,PAGW*200C,Double in a Quint,2,,R7AR4,O7AR1
PREN,PREN*301,Double,2,,R7AT3,O7AT11
PRSH,PRSH*202,Double,2,,R7AQ5,
PRSH,PRSH*204,Double,2,,R7AQ26,
PRSH,PRSH*211,Double,2,,R7AQ10,
PRSH,PRSH*213,Double,2,,R7AQ27,
PRSH,PRSH*302,Double,2,,R7AQ16,
PRSH,PRSH*308,Double,2,,R7AQ19,
PRSH,PRSH*309,Double,2,,R7AQ7,
PRSH,PRSH*311,Double,2,,R7AQ22,
RICE,RICE*105A,"Double, 2 Room",2,,R7AU9,O7AU1
RICE,RICE*111A,Double,2,,R7AU4,O7AU1
RICE,RICE*202,Double in Triple,2,RICE*201,R7AU13,O7AU1
SCOT,SCOT*100C,Double in Quad,2,SCOT*100A SCOT*100B,R7BK3,
SCOT,SCOT*200C,Double in Quad,2,SCOT*200A SCOT*200B,R7BK17,
SCOT,SCOT*300B,Double in a Quint,2,SCOT*300A SCOT*300C,R7BK16,
SCOT,SCOT*300C,Double in a Quint,2,SCOT*300A SCOT*300B,R7BK12,
SEVY,SEVY*203A,Double in Quad,2,SEVY*203B SEVY*203C,R7M6,O7M49
SEVY,SEVY*204,Double,2,,RCARD ACC,
SEVY,SEVY*208A,Double in Quad,2,SEVY*208B,R7M14,O7M13
SEVY,SEVY*208B,Double in Quad,2,SEVY*208A,R7M15,O7M13
SEVY,SEVY*209A,Double in Quad,2,SEVY*209B,R7M66,O7M59
SEVY,SEVY*209B,Double in Quad,2,SEVY*209A,R7M32,O7M59
SEVY,SEVY*210A,Double in Quad,2,SEVY*210B,R7M55,O7M26
SEVY,SEVY*210B,Double in Quad,2,SEVY*210A,R7M56,O7M26
SEVY,SEVY*214A,Double in Quad,2,SEVY*214B,R7M10,O7M60
SEVY,SEVY*214B,Double in Quad,2,SEVY*214A,R7M610,O7M60
SEVY,SEVY*303A,Double in Quad,2,SEVY*303B SEVY*303C,R7M30,O7M29
SEVY,SEVY*304,Double,2,,R7M33,
SEVY,SEVY*306A,Double in Quad,2,SEVY*306B,R7M35,O7M34
SEVY,SEVY*306B,Double in Quad,2,SEVY*306A,R7M36,O7M34
SEVY,SEVY*307A,Double in Triple,2,SEVY*307B,R7M37,
SEVY,SEVY*309A,Double in Quad,2,SEVY*309B,R7M40,O7M16
SEVY,SEVY*309B,Double in Quad,2,SEVY*309A,R7M28,O7M16
SEVY,SEVY*312A,Double in Quad,2,SEVY*312B,R7M67,O7M5
SEVY,SEVY*312B,Double in Quad,2,SEVY*312A,R7M65,O7M5
SEVY,SEVY*409A,Double in Quad,2,SEVY*409B,R7M58,O7M57
SEVY,SEVY*409B,Double in Quad,2,SEVY*409A,R7M51,O7M57
STIM,STIM*204,Double,2,,R7AV7,
WADE,WADE*201,Double,2,,R7AL3,
WADE,WADE*206,Double,2,,R7AL6,
WADE,WADE*207,Double,2,,R7AL4,
WADE,WADE*208,Double,2,,R7AL15,
WADE,WADE*302,Double,2,,R7AL9,
WADE,WADE*303,Double,2,,R7AL10,
WATS,WATS*203,Triple,3,,R7N125,
WATS,WATS*206,Double,2,,R7N13,
WATS,WATS*207,Triple,3,,R7N155,
WATS,WATS*210,Double,2,,R7N52,
WATS,WATS*213,Triple,3,,R7N20,
WATS,WATS*214,Double,2,,R7N21,
WATS,WATS*217,Triple,3,,R7N5,
WATS,WATS*303,Triple,3,,R7N29,
WATS,WATS*306,Double,2,,R7N32,
WATS,WATS*307,Triple,3,,R7N156,
WATS,WATS*310,Double,2,,R7N36,
WATS,WATS*313,Triple,3,,R7N39,
WATS,WATS*314,Double,2,,R7N71,
WATS,WATS*317,Triple,3,,R7N157,
WATS,WATS*403,Triple,3,,R7N158,
WATS,WATS*406,Double,2,,R7N51,
WATS,WATS*407,Triple,3,,R7N72,
WATS,WATS*410,Double,2,,R7N26,
WATS,WATS*413,Triple,3,,R7N17,
WATS,WATS*414,Double,2,,R7N96,
WATS,WATS*417,Triple,3,,R7N62,
WATS,WATS*503,Triple,3,,R7N67,
WATS,WATS*506,Double,2,,R7N30,
WATS,WATS*507,Triple,3,,R7N152,
WATS,WATS*510,Double,2,,R7N97,
WATS,WATS*513,Triple,3,,R7N77,
WATS,WATS*514,Double,2,,R7N78,
WATS,WATS*517,Triple,3,,R7N81,
WATS,WATS*603,Triple,3,,R7N18,
WATS,WATS*606,Double,2,,R7N162,
WATS,WATS*607,Triple,3,,R7N160,
WATS,WATS*610,Double,2,,R7N136,
WATS,WATS*613,Triple,3,,R7N150,
WATS,WATS*614,Double,2,,R7N135,
WATS,WATS*617,Triple,3,,R7N100,
WATS,WATS*703,Triple,3,,R7N25,
WATS,WATS*706,Double,2,,R7N6,
WATS,WATS*707,Triple,3,,R7N109,
WATS,WATS*710,Double,2,,R7N58,
WATS,WATS*713,Triple,3,,R7N115,
WATS,WATS*714,Double,2,,R7N116,
WATS,WATS*717,Triple,3,,R7N119,
WILM,WILM*202,Double,2,,R7AW8,O7AW10
BURT,BURT*101A,"Triple, 2 Room",3,,R7C7,
BURT,BURT*102A,"Triple, 2 Room",3,,R7C52,
BURT,BURT*111A,"Triple, 2 Room",3,,R7C103,
BURT,BURT*113A,"Triple, 2 Room",3,,R7C115,
BURT,BURT*119,Triple,3,,R7C19,
BURT,BURT*130A,"Triple, 2 Room",3,,R7C20,
BURT,BURT*131A,"Triple, 2 Room",3,,R7C84,
BURT,BURT*201A,"Triple, 2 Room",3,,R7C30,
BURT,BURT*202A,"Triple, 2 Room",3,,R7C118,
BURT,BURT*217A,"Triple, 2 Room",3,,R7C41,
BURT,BURT*230A,"Triple, 2 Room",3,,R7C28,
BURT,BURT*235A,"Triple, 2 Room",3,,R7C90,
BURT,BURT*301A,"Triple, 2 Room",3,,R7C54,
BURT,BURT*302A,"Triple, 2 Room",3,,R7C55,
BURT,BURT*311A,"Triple, 2 Room",3,,R7C62,
BURT,BURT*330A,"Triple, 2 Room",3,,R7C77,
BURT,BURT*339,Triple,3,,R7C125,
BURT,BURT*413A,"Triple, 2 Room",3,,R7C126,
BURT,BURT*424A,"Triple, 2 Room",3,,R7C98,
DAVI,DAVI*112,Triple in a Quad,3,DAVI*111,R7E34,
DAVI,DAVI*116A,"Triple, 2 Room",3,,R7E18,
DAVI,DAVI*212,Triple in a Quint,3,DAVI*211,R7E45,
DAVI,DAVI*216A,"Triple, 2 Room",3,,R7E21,
DOUG,DOUG*101,Triple,3,,R7AF2,O7AF6
EVAN,EVAN*018,Triple,3,,,
EVAN,EVAN*019,Triple,3,,,
EVAN,EVAN*021,Triple,3,,,
EVAN,EVAN*106,Triple,3,,,
EVAN,EVAN*108,Triple,3,,,
EVAN,EVAN*109,Triple,3,,,
EVAN,EVAN*119,Triple,3,,,
EVAN,EVAN*120,Triple,3,,,
EVAN,EVAN*122,Triple,3,,,
EVAN,EVAN*200,"Triple, 2 Room",3,,,
EVAN,EVAN*203,Triple,3,,,
EVAN,EVAN*204,Triple,3,,,
EVAN,EVAN*207,Triple,3,,,
EVAN,EVAN*216,Triple,3,,,
EVAN,EVAN*300,Triple,3,,,
EVAN,EVAN*303,Triple,3,,,
EVAN,EVAN*304,Triple,3,,,
EVAN,EVAN*307,Triple,3,,,
EVAN,EVAN*316,"Triple, 2 Room",3,,,
EVAN,EVAN*400,Triple,3,,,
EVAN,EVAN*403,Triple,3,,,
EVAN,EVAN*413,Triple,3,,,
EVAN,EVAN*415,Triple,3,,,
FACL,FACL*012A,Triple in a Sextet,3,FACL*012B,R7AY5,O7AY20
FACL,FACL*012B,Triple in a Sextet,3,FACL*012A,R7AY3,O7AY20
FARM,FARM*101,Triple,3,,R7AG11,O7AG1
HUNT,HUNT*205,Triple,3,,R7AN12,O7AN15
JEWE,JEWE*301,Triple,3,,R7AZ12,O7AZ1
NOUR,NOUR*100,Triple,3,,R7L11,
NOUR,NOUR*101A,"Triple, 2 Room",3,,R7L12,
NOUR,NOUR*200,Triple,3,,R7L23,
NOUR,NOUR*201A,"Triple, 2 Room",3,,R7L24,
NOUR,NOUR*203A,"Triple, 2 Room",3,,R7L75,
NOUR,NOUR*208A,"Triple, 2 Room",3,,R7L29,
NOUR,NOUR*216,Triple,3,,R7L74,
NOUR,NOUR*217,Triple,3,,R7L69,
NOUR,NOUR*300,Triple,3,,R7L37,
NOUR,NOUR*301A,"Triple, 2 Room",3,,R7L38,
NOUR,NOUR*303A,"Triple, 2 Room",3,,R7L43,
NOUR,NOUR*308A,"Triple, 2 Room",3,,R7L76,
NOUR,NOUR*316,Triple,3,,R7L50,
NOUR,NOUR*317,Triple,3,,R7L51,
PRSH,PRSH*203A,"Triple, 2 Room",3,,R7AQ1,
PRSH,PRSH*210A,"Triple, 2 Room",3,,R7AQ31,
PRSH,PRSH*216A,"Triple, 2 Room",3,,R7AQ15,
PRSH,PRSH*313,Triple,3,,R7AQ17,
RICE,RICE*204A,"Triple, 2 Room",3,,R7AU8,O7AU1
SEVY,SEVY*403A,Triple in a Quad,3,SEVY*403B,R7M47,O7M46
WATS,WATS*116,Triple,3,,R7N151,
EVAN,EVAN*005,Quad,4,,,
EVAN,EVAN*010,Quad in a Sextet,4,EVAN*011,,
EVAN,EVAN*017,Quad,4,,,
EVAN,EVAN*111,Quad,4,,,
EVAN,EVAN*211,Quad,4,,,
EVAN,EVAN*213,Quad,4,,,
EVAN,EVAN*214,Quad,4,,,
EVAN,EVAN*311,Quad,4,,,
EVAN,EVAN*313,Quad,4,,,
EVAN,EVAN*314,Quad,4,,,
EVAN,EVAN*412,Quad,4,,,
RICE,RICE*203A,"Quad, 2 Room",4,,R7AU2,O7AU1
